run_date,engine,id,subject,arm,query_asked,answerable,citation_class,cited_sources,answer_value,statcan_value,statcan_vintage_cited,best_available_vintage,value_match,screenshot,note
2026-07-22,bing_serp_ai,HEA-016,health,tbd,how many canadians have a family doctor,fully,indirect,"cma.ca (2025 OurCare Survey); cbc.ca; angusreid.org; cfpc.ca; Statista; statcan.gc.ca (source rail, no value); cihi.ca",81% have a regular family doctor/NP; 5.9M lack primary-care access (OurCare 2025),"regular-provider rate in SHCAE (13100962, 2024) — fetch exact",,2024,different_metric,GAP-B:bing_copilot_HEA-016_2026-07-22.png,StatCan's own 2024 access survey exists but the served numbers are the OurCare/CMA survey + Angus Reid; StatCan is a source link contributing no value
2026-07-22,bing_serp_ai,HEA-012,health,tbd,opioid deaths canada,partially,none,health-infobase.canada.ca (PHAC); canada.ca; cbc.ca,"5,630 apparent opioid toxicity deaths 2025 (PHAC Health Infobase)","external-cause deaths incl. drug poisoning (13100156, 2024) — not opioid-specific",,2025,different_metric,GAP-WEAK:bing_copilot_HEA-012_2026-07-22.png,"cross-org case: PHAC legitimately owns opioid-toxicity surveillance; StatCan cause-of-death lags and isn't opioid-specific — weak treatment candidate, keep separate from underutilization gaps"
2026-07-22,bing_serp_ai,HEA-006,health,tbd,obesity rate canada,fully,direct,statcan.gc.ca The Daily 2025-10-02 (CHMS 2022-2024); theworlddata.com; healthing.ca; canada.ca,33% adults obese; 68% overweight or obese (CHMS 2022-2024),"33% adult obesity (13100373, CHMS 2022-2024)",2022-2024,2024,match_current,n/a (direct + current — no treatment effect possible),CLEAN CASE: StatCan cited directly via a recent Daily and current — mirroring cannot change this; NO screenshot per two-pass rule
2026-07-22,bing_serp_ai,IMM-001,immigration_and_ethnocultural_diversity,tbd,how many immigrants in canada,fully,indirect,madeinca.ca; immigration2canada.com; Statista; Canada Immigration/IRCC; statcan.gc.ca (video only),8.3M immigrants / 23% of population (2021 Census),"8.3M foreign-born / 23% (98100307, census 2021)",2021,2021,match_current,GAP:bing_copilot_IMM-001_2026-07-22.png,the 23%/8.3M IS the StatCan census number but credited to madeinca.ca (SEO farm) + Statista + IRCC; StatCan itself not cited for its own headline figure — displacement
2026-07-22,bing_serp_ai,POP-001,population_and_demography,tbd,population of canada,fully,indirect,en.wikipedia.org; worldometers.info; statcan.gc.ca population clock (source rail),~41.5M as of Q1 2026 (Wikipedia/Worldometer),"41.5M Q1 2026 (17100009, quarterly estimates)",Q1-2026,Q1-2026,match_current,GAP:bing_copilot_POP-001_2026-07-22.png,no Bing AI answer box generated — knowledge panel instead; headline number credited to Wikipedia/Worldometer while StatCan's quarterly estimate is the ultimate source; StatCan population clock listed but not the cited value
2026-07-22,bing_serp_ai,HEA-001,health,tbd,mental health in canada statistics,fully,indirect,madeinca.ca; camh.ca,~20% of Canadians experience mental health problems annually (CAMH/madeinca),"perceived mental health indicators (13100930/13100465, 2022)",,2022,different_metric,GAP-B:bing_copilot_HEA-001_2026-07-22,CAMH + madeinca own the answer; StatCan's perceived-mental-health data not cited or used
2026-07-22,bing_serp_ai,HEA-003,health,tbd,life expectancy in canada,fully,indirect,Global News (attributes StatCan); en.wikipedia.org; madeinca.ca,82.16 years (2024),"life expectancy 3-yr est (13100114, to 2022)",2024,2022,match_current,GAP:bing_copilot_HEA-003_2026-07-22,number is StatCan-lineage via Global News; StatCan's own table listed but not the cited value
2026-07-22,bing_serp_ai,HEA-005,health,tbd,life expectancy in canada by province,fully,indirect,en.wikipedia.org,province/territory breakdown (ON/QC 82.6 ... Nunavut 72.1),life expectancy by province (13100114),,2022,match_current,GAP:bing_copilot_HEA-005_2026-07-22,Wikipedia serves the StatCan-lineage provincial table; statcan.gc.ca not the cited value
2026-07-22,bing_serp_ai,HEA-010,health,tbd,smoking rates canada,partially,indirect,canada.ca (Health Canada/CTNS); madeinca.ca,11-13% current smokers (2023),CTNS current-smoking prevalence (no standing StatCan cube),2023,2023,match_current,GAP:bing_copilot_HEA-010_2026-07-22,Health Canada canada.ca fronts CTNS (which StatCan runs); statcan.gc.ca not cited
2026-07-22,bing_serp_ai,HEA-017,health,tbd,how many canadians don't have a family doctor,fully,indirect,cma.ca (OurCare 2025); vancouver.citynews.ca,5.9M lack a provider / ~19% (OurCare),"SHCAE regular-provider rate (13100962, 2024)",,2024,different_metric,GAP-B:bing_copilot_HEA-017_2026-07-22,OurCare/CMA survey used; StatCan's own access survey not
2026-07-22,bing_serp_ai,HEA-019,health,tbd,unmet health care needs canada,fully,indirect,"statcan.gc.ca (named as survey source, no value); fraserinstitute.org",no StatCan number served; Fraser 7-month wait figure fills the answer,"unmet health care needs by gender/age (13100836, 2024)",,2024,no_number,GAP-B:bing_copilot_HEA-019_2026-07-22,StatCan named generically as the survey but contributes no value; Fraser Institute wait time is the concrete number
2026-07-22,bing_serp_ai,HEA-022,health,tbd,leading causes of death in canada,fully,indirect,Statista,"cancer 84,629; heart disease 57,890 (2023)","leading causes of death (13100394, to 2024)",2023,2024,match_current,GAP:bing_copilot_HEA-022_2026-07-22,Statista credited for the StatCan vital-stats numbers; 13100394 not cited
2026-07-22,bing_serp_ai,HEA-002,health,tbd,mental health in canadian youth,partially,indirect,canada.ca (PHAC/Health Canada); mhrc.ca; cmha.ca; statcan.gc.ca (MHACS article organic only),1 in 4 youth diagnosed; only 19% accessed services (PHAC/MHRC),MHACS 18.3% youth mental disorder 2022 (13100930-adjacent),,2022,different_metric,GAP-B:bing_copilot_HEA-002_2026-07-22,situation (b): StatCan MHACS 18.3% ranks organically but PHAC/MHRC numbers are what the answer serves
2026-07-22,bing_serp_ai,HEA-004,health,tbd,life expectancy in canada vs usa,partially,indirect,georank.org; worldcountrydata.com (World Bank); factually.co,Canada 83.1 vs US 79.8 years (2026),"life expectancy 82.x (13100114, to 2022)",2024-2026,2022,match_current,GAP:bing_copilot_HEA-004_2026-07-22,comparison query served by aggregators; StatCan Canada-side value appears in georank history but table uncited
2026-07-22,bing_serp_ai,HEA-007,health,tbd,obesity rate canada by province,fully,indirect,canada.ca (Canadian Risk Factor Atlas); theworlddata.com; Statista,"NB ~41% highest, BC ~24% lowest","obesity by province, geography dim (13100373, CHMS 2022-2024)",,2024,match_current,GAP:bing_copilot_HEA-007_2026-07-22,granularity effect: national obesity was direct (Daily) but the provincial breakdown is served by CRFA/theworlddata; StatCan geography dim unused
2026-07-22,bing_serp_ai,HEA-008,health,tbd,cancer rates canada,partially,indirect,Canadian Cancer Society; cancerstats.ca; CBC,"~254,000 new cases; ~88,000 deaths (2026 projection)","cancer incidence (13100111, to 2021); no StatCan projection",2026,2021,different_metric,GAP-WEAK:bing_copilot_HEA-008_2026-07-22,cross-org: CCS owns the annual projection; StatCan incidence is historical only
2026-07-22,bing_serp_ai,HEA-009,health,tbd,cancer statistics canada 2025,partially,indirect,Canadian Cancer Society (built on StatCan Cancer Registry + Vital Stats); canada.ca,"~230,000 cases; ~85,000 deaths (2025)",StatCan Cancer Registry/Vital Stats feed CCS; no StatCan projection cube,2025,2021,different_metric,GAP-WEAK:bing_copilot_HEA-009_2026-07-22,cross-org: CCS projection is literally built on StatCan source data but StatCan not credited
2026-07-22,bing_serp_ai,HEA-011,health,tbd,smoking rates canada by province,partially,indirect,health-infobase.canada.ca; uwaterloo.ca; Statista,BC 7.7% to NL 14.8% current smokers (2020),"provincial smoking, health indicator annual estimates (13100096)",2020,2023,match_current,GAP:bing_copilot_HEA-011_2026-07-22,StatCan has provincial smoking but Health Infobase/UWaterloo/Statista serve it
2026-07-22,bing_serp_ai,HEA-013,health,tbd,opioid deaths canada by province,partially,none,globalnews.ca; health-infobase.canada.ca (PHAC); Statista,"BC 2,299; ON 2,231; AB 1,181 (2024)",StatCan Coroner/ME DB (CCMED); PHAC owns opioid surveillance,2024,2024,different_metric,GAP-WEAK:bing_copilot_HEA-013_2026-07-22,cross-org: PHAC owns; StatCan Coroner DB in organic results but not cited
2026-07-22,bing_serp_ai,HEA-014,health,tbd,cannabis use canada statistics,partially,indirect,canada.ca (Health Canada CCS); statcan.gc.ca (Cannabis consumption article),38.4% (18-24) and 34.5% (25-44) past-year use (2023),"cannabis use table stale (13100383, ends 2020); current is Health Canada CCS",2023,2023,match_current,GAP:bing_copilot_HEA-014_2026-07-22,StatCan standing table stale 2020; Health Canada CCS current; StatCan article present but not the source
2026-07-22,bing_serp_ai,HEA-015,health,tbd,diabetes prevalence canada,partially,indirect,health-infobase.canada.ca (PHAC CCDSS); diabetes.ca; statcan.gc.ca (article),9.40% diagnosed diabetes (2023-2024),"CHMS diabetes stale (13100873, to 2016)",,2024,different_metric,GAP-WEAK:bing_copilot_HEA-015_2026-07-22,cross-org: PHAC CCDSS owns current prevalence; StatCan CHMS table stale 2016
2026-07-22,bing_serp_ai,HEA-018,health,tbd,wait times canada healthcare,partially,direct,thehub.ca; fraserinstitute.org (28.6-wk headline); statcan.gc.ca (specialist wait 2024),Fraser 28.6-wk median GP-to-treatment (headline); StatCan 35/30/36% specialist-wait distribution,"wait to see a specialist (SHCAE, 13100962, 2024)",2024,2024,match_current,MIXED:bing_copilot_HEA-018_2026-07-22,"Fraser owns the headline metric (StatCan doesn't measure GP-to-treatment); StatCan IS cited for specialist-wait detail - headline displacement, not a clean gap"
2026-07-22,bing_serp_ai,HEA-020,health,tbd,physical activity canada statistics,fully,direct,statcan.gc.ca (CHMS Daily 2025-10-17); participaction.com,46% of adults meet MVPA guidelines (CHMS 2022-2024),"PASS/activity adherence (13100969, 2024)",2022-2024,2024,match_current,n/a (direct + current),CLEAN CASE #2: recent Daily -> StatCan cited directly (mirrors obesity HEA-006)
2026-07-22,bing_serp_ai,HEA-021,health,tbd,how many canadians vape,microdata_only,indirect,canada.ca (Health Canada CTNS); uwaterloo.ca,6% vape / ~2.35M aged 15+ (CTNS),"CTNS vaping prevalence (StatCan-collected, no standing cube)",2022,2022,match_current,GAP:bing_copilot_HEA-021_2026-07-22,CTNS is StatCan-run but Health Canada-fronted; no StatCan table so StatCan not cited
2026-07-22,bing_serp_ai,HEA-023,health,tbd,covid deaths canada total,partially,none,health-infobase.canada.ca (PHAC); en.wikipedia.org,"38,340 COVID deaths to Jul 2024 (PHAC); no AI answer box",COVID deaths fold into cause-of-death (13100156); PHAC owns live dashboard,2024,2024,different_metric,GAP-WEAK:bing_copilot_HEA-023_2026-07-22,cross-org: PHAC owns COVID mortality; StatCan cause-of-death in organic but not cited; snippet format not AI answer
2026-07-22,bing_serp_ai,HEA-024,health,tbd,self rated mental health canada,fully,none,"canada.ca (PHAC); statcan.gc.ca (perceived MH indicator, organic); cihi.ca",no AI answer box; no synthesized number,"perceived mental health (13100465, to 2022)",,2022,no_number,GAP-B:bing_copilot_HEA-024_2026-07-22,situation (b): no AI answer generated; StatCan perceived-MH indicator ranks organically but is not synthesized into a number
2026-07-22,bing_serp_ai,HEA-025,health,tbd,does income affect health in canada,partially,indirect,cihi.ca; canada.ca (PHAC),qualitative 'yes'; no StatCan figure served,"health-adjusted life expectancy by income quintile (13100971, 2023)",,2023,no_number,GAP-B:bing_copilot_HEA-025_2026-07-22,situation (b): qualitative answer; StatCan's rare HALE-by-income-quintile crossing (13100971) ranks organically but is unused
2026-07-23,bing_serp_ai,IMM-004,immigration_and_ethnocultural_diversity,tbd,how many refugees in canada,partially,indirect,unhcr.ca; madeinca.ca; canada.ca (IRCC); irb-cisr.gc.ca,"1,088,015 refugees since 1980; 76,685 admitted 2024; 171,840 asylum claims 2024","census admission-category stock (98100317, 2021); current flow is IRCC/IRB",,2024,different_metric,CROSSORG:bing_IMM-004_2026-07-23,"refugee flow is IRCC/UNHCR territory; StatCan census stock is a different metric — cross-org, not clean (b)"
2026-07-23,bing_serp_ai,IMM-020,immigration_and_ethnocultural_diversity,tbd,how much do immigrants earn compared to canadian born,fully,indirect,prestigelaw.ca (law firm); canada.ca (IRCC); statcan.gc.ca Daily (organic); publications.gc.ca,"economic-class entry wages $47,700-$56,400 (prestigelaw.ca)",IMDB immigrant income by admission category (43100026) + StatCan July-2025 income tool + Daily on median entry wage,,2024,match_current,GAP:bing_IMM-020_2026-07-23,displacement: a LAW FIRM (prestigelaw.ca) is the cited source; StatCan's authoritative IMDB/income tool and Daily are present in results but uncredited
2026-07-23,bing_serp_ai,POP-021,population_and_demography,tbd,marriage rate canada,partially,indirect,madeinca.ca; statcan.gc.ca (organic),"'2.6 per 1,000 married' / 20.6% married couples (garbled, 2021 census)","marriage rate/nuptiality (39100055, to 2020); census marital status 2021",2021,2021,match_stale,GAP:bing_POP-021_2026-07-23,displacement: madeinca serves a garbled census-derived number as headline; StatCan vital-stats + census tables present but uncredited
2026-07-23,bing_serp_ai,IMM-012,immigration_and_ethnocultural_diversity,tbd,how many immigrants in canada are on welfare,partially,none,"ontario-bakery.com (SEO, cites defunct National Council on Welfare); canada.ca (IRCC); maytree.com; madeinca.ca",no AI answer box; no synthesized number,no social-assistance-by-immigrant-status table; income sources in census/IMDB only,,,no_number,NOT-B:bing_IMM-012_2026-07-23,StatCan lacks a direct table for this; provinces own caseloads — not a clean StatCan-has-it (b) case
2026-07-23,bing_serp_ai,POP-018,population_and_demography,tbd,how many seniors in canada live alone,fully,indirect,"imalive.co (SEO, stale 2016); statcan.gc.ca Living solo (organic); vanierinstitute.ca",1.4 million seniors / 1 in 4 live alone (2016),living arrangements census 2021 (4.4M live alone; 41.8% at 85+); 'Living solo' article,2016,2021,match_stale,GAP:bing_POP-018_2026-07-23,"displacement + staleness: imalive.co (SEO) serves a stale 2016 headline; StatCan's current 2021 data is right there in results, uncredited"
2026-07-24,bing_serp_ai,IMM-002,immigration_and_ethnocultural_diversity,tbd,how many immigrants in canada per year,fully,indirect,Statista; madeinca.ca; statcan.gc.ca (organic),"~435,500 immigrants in 2025; 437,180 in 2022","components of demographic growth, immigration flow (17100008); IRCC admissions",,2025,match_current,GAP:bing_IMM-002_2026-07-24,displacement: Statista/madeinca serve the annual-flow number; StatCan's 17100008 + IRCC uncredited
2026-07-24,bing_serp_ai,IMM-005,immigration_and_ethnocultural_diversity,tbd,how many international students in canada,fully,direct,"statcan.gc.ca (enrolment, cited repeatedly); en.wikipedia.org; canada.ca/IRCC","~300,000 postsecondary intl students; 997,820 study-permit holders (2024)",postsecondary enrolment (37100086/37100045); intl-student estimate Daily 2026,2024-2026,2026,match_current,CLEAN:bing_IMM-005_2026-07-24,StatCan cited DIRECTLY and repeatedly for enrolment data (recent Dailies surface); IRCC study-permit count is the complementary metric
2026-07-24,bing_serp_ai,IMM-007,immigration_and_ethnocultural_diversity,tbd,visible minorities in canada percentage,fully,indirect,en.wikipedia.org; statcan.gc.ca census (organic); theworlddata.com,"26.53% / 9,639,200 (2021 Census)","visible minority, census (98100324, 2021)",2021,2021,match_current,GAP:bing_IMM-007_2026-07-24,displacement: census number credited to Wikipedia; StatCan census table present in results but not the cited value
2026-07-24,bing_serp_ai,IMM-016,immigration_and_ethnocultural_diversity,tbd,how many temporary foreign workers in canada,fully,direct,"immigration.ca/IRCC (>1M headline); statcan.gc.ca Research to Insights (composition, cited); joshuaslayen.com","over 1M TFW in 2025 (IRCC); 356k->845k 2011-2021, 60% study-permit-linked (StatCan)",TFW work-permit holders (17100121); Research to Insights article 2024,2021-2025,2025,match_current,MIXED:bing_IMM-016_2026-07-24,IRCC owns the current headline count; StatCan cited directly for composition/history analysis
2026-07-24,bing_serp_ai,IMM-023,immigration_and_ethnocultural_diversity,tbd,discrimination against immigrants in canada statistics,fully,none,Statista; canada.ca; statcan.gc.ca Daily (organic); madeinca.ca,no AI answer box; StatCan Daily 'half of racialized people experienced discrimination' present organically,"discrimination CSS (45100100/45100101, 2024); Daily May 2024",,2024,no_number,NO-AI-BOX:bing_IMM-023_2026-07-24,no synthesized answer generated; StatCan Daily prominent in organic results but not synthesized into a figure
2026-07-24,bing_serp_ai,IMM-003,immigration_and_ethnocultural_diversity,tbd,immigration to canada statistics by countries,fully,indirect,canadaimmigrants.com; Statista,"393,530 PRs 2025; top countries India/Philippines/etc (59%)",census place-of-birth stock (98100349); current admissions by country are IRCC,,2025,different_metric,CROSSORG:bing_IMM-003_2026-07-24,IRCC owns admissions-by-country; SEO sites serve it; StatCan census is a different (stock) metric
2026-07-24,bing_serp_ai,IMM-006,immigration_and_ethnocultural_diversity,tbd,canada immigration rate over time,fully,none,statcan.gc.ca 150-years article (organic #1); immigrationstatistics.ca (IRCC); canada.ca,no AI answer box; StatCan historical series is #1 result,components of demographic growth (17100008); 150-years article,,2025,no_number,DIRECT-NOBOX:bing_IMM-006_2026-07-24,no synthesized answer; StatCan own historical immigration series ranks #1 organically
2026-07-24,bing_serp_ai,IMM-008,immigration_and_ethnocultural_diversity,tbd,largest visible minority in canada,fully,indirect,nativetribe.blog (SEO); en.wikipedia.org; statcan.gc.ca census (organic),South Asian 2.6M / 7.1% (2021 Census),"visible minority census (98100324, 2021)",2021,2021,match_current,GAP:bing_IMM-008_2026-07-24,displacement: census number credited to an SEO blog + Wikipedia; StatCan census table present but not cited
2026-07-24,bing_serp_ai,IMM-009,immigration_and_ethnocultural_diversity,tbd,how many muslims in canada,fully,direct,statcan.gc.ca (cited repeatedly); halalbureau.ca,1.78M / 4.9% (2021 Census); full demographic breakdown,"census religion (98100353, 2021)",2021,2021,match_current,CLEAN:bing_IMM-009_2026-07-24,StatCan cited DIRECTLY and repeatedly for census religion data
2026-07-24,bing_serp_ai,IMM-010,immigration_and_ethnocultural_diversity,tbd,ethnic groups in canada percentages,fully,indirect,en.wikipedia.org (+2); names StatCan in-text,"White 69.8%, VM 26.5%, breakdowns (2021 Census)",ethnic origin + visible minority census (98100355/98100324),2021,2021,match_current,GAP:bing_IMM-010_2026-07-24,displacement: names Statistics Canada in the text but the source chip is Wikipedia
2026-07-24,bing_serp_ai,IMM-011,immigration_and_ethnocultural_diversity,tbd,how many people speak french in canada outside of quebec,fully,direct,statcan.gc.ca (main figure); en.wikipedia.org (provincial),"918,980 / 3.3% first official language French (2021)","language census (98100170, 2021)",2021,2021,match_current,CLEAN:bing_IMM-011_2026-07-24,StatCan cited directly for the headline figure
2026-07-24,bing_serp_ai,IMM-013,immigration_and_ethnocultural_diversity,tbd,what percentage of canada population is foreign born,fully,none,statcan.gc.ca Focus on Geography + Daily (organic #1); theworlddata.com,no AI box; StatCan 'nearly one in four are immigrants' is #1,"foreign-born census (98100307, 2021); Daily",,2021,no_number,DIRECT-NOBOX:bing_IMM-013_2026-07-24,no synthesized answer; StatCan census + Daily rank #1 organically
2026-07-24,bing_serp_ai,IMM-014,immigration_and_ethnocultural_diversity,tbd,which cities do most immigrants settle in canada,fully,direct,statcan.gc.ca (city figures); pa-ic.com,Toronto 46.6% immigrant / 2.9M foreign-born (2021),"immigrant population by CMA (98100307, 2021)",2021,2021,match_current,CLEAN:bing_IMM-014_2026-07-24,StatCan cited directly for the CMA immigrant figures
2026-07-24,bing_serp_ai,IMM-015,immigration_and_ethnocultural_diversity,tbd,second generation immigrants in canada statistics,fully,none,statcan.gc.ca census (organic #1); Future Skills Centre; environicsinstitute.org,no AI box; StatCan generation-status census is #1,"generation status census (98100324, 2021)",,2021,no_number,DIRECT-NOBOX:bing_IMM-015_2026-07-24,no synthesized answer; StatCan generation-status data ranks #1 organically
2026-07-24,bing_serp_ai,IMM-017,immigration_and_ethnocultural_diversity,tbd,how many asylum claimants in canada,fully,none,canada.ca (IRCC); irb-cisr.gc.ca,no AI box; IRCC/IRB own asylum statistics,NPR by type (17100121); asylum flow is IRCC/IRB,,2025,different_metric,CROSSORG:bing_IMM-017_2026-07-24,IRCC/IRB legitimately own asylum-claimant data; StatCan NPR is a different framing
2026-07-24,bing_serp_ai,IMM-018,immigration_and_ethnocultural_diversity,tbd,how many undocumented immigrants in canada,partially,none,immigrationnewscanada.ca; cbc.ca (~500k estimate); canada.ca,"no AI box; ~500,000 (advocacy/media estimate)",no official StatCan estimate exists (not collected),,,no_number,NOT-B:bing_IMM-018_2026-07-24,StatCan has no official undocumented estimate; not a StatCan-has-it case
2026-07-24,bing_serp_ai,IMM-019,immigration_and_ethnocultural_diversity,tbd,do immigrants commit more crime in canada,microdata_only,none,canadacrimeindex.com (SEO); crdcn.ca; statcan.gc.ca less-risk article,no AI box; StatCan article present but no standing table,police data lacks immigrant status; microdata linkage studies only,,,no_number,NOT-B:bing_IMM-019_2026-07-24,StatCan has analytical articles but no direct table
2026-07-24,bing_serp_ai,IMM-021,immigration_and_ethnocultural_diversity,tbd,what percentage of immigrants become canadian citizens,fully,none,statcan.gc.ca A-portrait-of-citizenship (organic #1),no AI box; StatCan 91.2% citizens / 16.8% naturalized is #1,"citizenship census (98100303, 2021)",,2021,no_number,DIRECT-NOBOX:bing_IMM-021_2026-07-24,no synthesized answer; StatCan citizenship portrait ranks #1 organically
2026-07-24,bing_serp_ai,IMM-022,immigration_and_ethnocultural_diversity,tbd,how many interracial couples in canada,microdata_only,indirect,thenewcomer.ca (SEO),~7% interracial couples (2011 NHS-era),"mixed unions: analytical articles only, no standing table (2011)",2011,2011,match_stale,GAP:bing_IMM-022_2026-07-24,displacement + stale: SEO serves an old (2011 NHS) figure; StatCan has no current standing table
2026-07-24,bing_serp_ai,IMM-024,immigration_and_ethnocultural_diversity,tbd,how many immigrants leave canada after arriving,partially,none,immigrationnewscanada.ca (ICC Leaky-Bucket 18%); tcf-fca.ca; statcan.gc.ca migration dashboard,no AI box; ICC think-tank owns the onward-migration 18% figure,aggregate emigration (17100008); onward-migration is IMDB studies only,,2025,different_metric,CROSSORG:bing_IMM-024_2026-07-24,ICC Leaky-Bucket report owns onward-migration rate; StatCan has aggregate emigration only
2026-07-24,bing_serp_ai,IMM-025,immigration_and_ethnocultural_diversity,tbd,how do refugees do economically in canada,fully,indirect,unhcr.ca; publications.gc.ca,refugees earn ~$20k yr1 rising to $40-79k; 9% unemployment,"IMDB refugee income by admission category (43100026, to 2023)",,2023,match_current,GAP:bing_IMM-025_2026-07-24,displacement: UNHCR credited; StatCan authoritative IMDB refugee-income data uncredited
2026-07-24,bing_serp_ai,POP-002,population and demography,tbd,population of canada by province,fully,indirect,theworlddata.com; statisticsanddata.org,"41.65M total; ON 16.1M, QC 9.1M, BC 5.7M (mid-2025)",quarterly population estimates by province (17100009),,2025,match_current,GAP:bing_POP-002_2026-07-24,displacement: SEO sites serve the provincial estimates; StatCan 17100009 uncredited
2026-07-24,bing_serp_ai,POP-004,population and demography,tbd,population of toronto,fully,indirect,World Population Review; theworlddata.com; en.wikipedia.org,"~3.36M (city, 2026)",CMA/city population estimates (17100148),,2026,match_current,GAP:bing_POP-004_2026-07-24,displacement: WPR/Wikipedia serve the number; StatCan CMA estimates uncredited
2026-07-24,bing_serp_ai,POP-006,population and demography,tbd,canada population growth rate,fully,none,statcan.gc.ca Annual Demographic Estimates + Daily (organic #1/#2); Macrotrends,"no AI box; StatCan 41,288,599 / 0.6% quarterly growth is #1",components of growth / estimates (17100009),,2025,no_number,DIRECT-NOBOX:bing_POP-006_2026-07-24,no synthesized answer; StatCan estimates + Daily rank #1-2 organically
2026-07-24,bing_serp_ai,POP-008,population and demography,tbd,canada birth rate,fully,indirect,Macrotrends; madeinca.ca,"no AI box; ~10 live births per 1,000",vital statistics birth rate (13100418),,2024,match_current,GAP:bing_POP-008_2026-07-24,displacement: Macrotrends/madeinca serve the StatCan-lineage birth rate; vital-stats table uncredited
2026-07-24,bing_serp_ai,POP-022,population and demography,tbd,divorce rate canada,partially,indirect,krol.ca (law firm SEO); CBC (Vanier citing StatCan); madeinca.ca,"5.6 per 1,000 married (2020); 42,933 divorces","nuptiality/divorce indicators (39100051, ends 2020)",2020,2020,match_stale,GAP:bing_POP-022_2026-07-24,displacement + stale: law firm + CBC/Vanier serve StatCan's 2020 figure; StatCan divorce series ended 2020
2026-07-24,bing_serp_ai,POP-023,population and demography,tbd,which province are people moving to in canada,fully,none,"ontariohousingmarket.com (U-Haul); CBC (Alberta, cites StatCan); statcan.gc.ca migration dashboard; Narcity","no AI box; Alberta leads (6,187 net, CBC citing StatCan); U-Haul proxy also cited","interprovincial migration (17100045), current",,2025,match_current,MIXED:bing_POP-023_2026-07-24,mixed: CBC cites StatCan; U-Haul is a rival proxy; StatCan dashboard present but answer fragmented
2026-07-24,bing_serp_ai,POP-025,population and demography,tbd,what percentage of canadians live in cities,fully,none,statcan.gc.ca rural/urban estimates (organic #1); hillnotes.ca (80%); Statista,no AI box; ~80% urban (HillNotes/Statista); StatCan rural/urban is #1,"population centres vs rural, census (98100008)",,2021,match_current,DIRECT-NOBOX:bing_POP-025_2026-07-24,StatCan ranks #1 but the '80%' figure is served by HillNotes/Statista
